{
  "nns": {
    "author": [
      {
        "h1": {},
        "h2": {},
        "h3": {},
        "h4": {},
        "h5": {},
        "h6": {},
        "span": {},
        "p": {},
        "saContent": {
          "value": 3
        },
        "saCopyright": {
          "value": 3
        },
        "saImg": {
          "value": 3
        },
        "dfContent": {
          "value": 31
        },
        "dfImg": {
          "value": 131
        },
        "dfCopyright": {},
        "sqContent": {
          "value": 961
        },
        "sqImg": {
          "value": 17161
        },
        "sqCopyright": {},
        "matchesDateTimeRegex": {
          "value": 0
        },
        "titleCasePercent": {
          "value": 0
        },
        "matchesNameList": {
          "value": 0
        },
        "length": {
          "value": 5
        }
      },
      {
        "tags": {
          "weights": {
            "h1": -4.308656363860943,
            "h2": -4.969073742657066,
            "h3": -3.6700200504573344,
            "h4": -4.358310365781384,
            "h5": -3.0571630252007687,
            "h6": -3.6700200504573344,
            "p": -5.785646304734373,
            "span": -5.057699433160821
          },
          "value": 0.5,
          "_sum": 0
        },
        "sharedAncestors": {
          "value": 0.00393915456544202,
          "weights": {
            "saContent": -0.6823712639981355,
            "saCopyright": -0.6823712639981355,
            "saImg": -0.4795382128459174
          },
          "_sum": -5.532842222526565
        },
        "squareDistanceFrom": {
          "value": 0,
          "weights": {
            "sqContent": -3.7657951259013265,
            "sqImg": -0.7386384912308341
          },
          "_sum": -16294.70426400352
        },
        "distanceFrom": {
          "value": 4.5419618738420355e-158,
          "weights": {
            "dfContent": -1.899606884526554,
            "dfImg": -2.3160860475055127
          },
          "_sum": -362.29508564354535
        },
        "matchesNameList": {
          "value": 0.5,
          "weights": {
            "matchesNameList": -4.913083140383444
          },
          "_sum": 0
        },
        "length": {
          "value": 5.176227172287431e-15,
          "weights": {
            "length": -6.578939989825941
          },
          "bias": -3,
          "_sum": -32.89469994912971
        }
      },
      {
        "output": {
          "value": 8.64197931905905e-9,
          "weights": {
            "tags": -20.905655253963182,
            "sharedAncestors": -3.700189658686674,
            "squareDistanceFrom": -0.5001128974062432,
            "distanceFrom": -1.1180799644871393,
            "matchesNameList": -13.719255819631,
            "length": -0.413201009362307
          },
          "_sum": -18.566634183871027
        }
      }
    ],
    "title": [
      {
        "h1": {},
        "h2": {},
        "h3": {},
        "h4": {},
        "h5": {},
        "h6": {},
        "span": {},
        "p": {},
        "saContent": {
          "value": 3
        },
        "saCopyright": {
          "value": 3
        },
        "saImg": {
          "value": 3
        },
        "dfContent": {
          "value": 31
        },
        "dfImg": {
          "value": 131
        },
        "dfCopyright": {},
        "sqContent": {
          "value": 961
        },
        "sqImg": {
          "value": 17161
        },
        "sqCopyright": {},
        "matchesDateTimeRegex": {
          "value": 0
        },
        "titleCasePercent": {
          "value": 0
        },
        "matchesNameList": {
          "value": 0
        },
        "length": {
          "value": 5
        }
      },
      {
        "tags": {
          "weights": {
            "h1": 4.310100481121714,
            "h2": -4.969073742657066,
            "h3": -3.6700200504573344,
            "h4": -4.358310365781384,
            "h5": -3.0571630252007687,
            "h6": 3.675003094769079,
            "p": -5.785646304734373,
            "span": -6.132169250510736
          },
          "value": 0.5,
          "_sum": 0
        },
        "sharedAncestors": {
          "value": 0.010579159191880669,
          "weights": {
            "saContent": -0.7194400738121403,
            "saCopyright": -0.7194400738121403,
            "saImg": -0.073864455993698
          },
          "_sum": -4.538233810853936
        },
        "squareDistanceFrom": {
          "value": 0,
          "weights": {
            "sqContent": -3.389799359072459,
            "sqImg": -0.8784265829970198
          },
          "_sum": -18332.27577488049
        },
        "distanceFrom": {
          "value": 1.2258659700103629e-166,
          "weights": {
            "dfContent": -2.2651247556591763,
            "dfCopyright": -1.2062896716066995,
            "dfImg": -2.380203133610934
          },
          "_sum": -382.0254779284669
        },
        "titleCasePercent": {
          "value": 0.5,
          "weights": {
            "titleCasePercent": 0.5
          },
          "_sum": 0
        }
      },
      {
        "output": {
          "value": 0.0064829670050550224,
          "weights": {
            "tags": 15.2064915492668,
            "sharedAncestors": -3.0020531441981264,
            "squareDistanceFrom": -0.3843776729804289,
            "distanceFrom": -0.8349664208007884,
            "titleCasePercent": -25.207119012146947
          },
          "_sum": -5.0320729295550315
        }
      }
    ],
    "date": [
      {
        "h1": {},
        "h2": {},
        "h3": {},
        "h4": {},
        "h5": {},
        "h6": {},
        "span": {},
        "p": {},
        "saContent": {
          "value": 3
        },
        "saCopyright": {
          "value": 3
        },
        "saImg": {
          "value": 3
        },
        "dfContent": {
          "value": 31
        },
        "dfImg": {
          "value": 131
        },
        "dfCopyright": {},
        "sqContent": {
          "value": 961
        },
        "sqImg": {
          "value": 17161
        },
        "sqCopyright": {},
        "matchesDateTimeRegex": {
          "value": 0
        },
        "titleCasePercent": {
          "value": 0
        },
        "matchesNameList": {
          "value": 0
        },
        "length": {
          "value": 5
        }
      },
      {
        "tags": {
          "weights": {
            "h1": -4.308656363860943,
            "h2": -4.969073742657066,
            "h3": -3.6700200504573344,
            "h4": -4.358310365781384,
            "h5": -3.0571630252007687,
            "h6": -3.6700200504573344,
            "p": -3.501963252910193,
            "span": -5.057739121421546
          },
          "value": 0.5,
          "_sum": 0
        },
        "sharedAncestors": {
          "value": 0.005220306867411565,
          "weights": {
            "saContent": -1.1740440575243583,
            "saImg": -0.5759443130352051
          },
          "_sum": -5.249965111678691
        },
        "squareDistanceFrom": {
          "value": 1,
          "weights": {
            "sqContent": 11.184605548834709,
            "sqImg": 3.6676260499111706
          },
          "_sum": 73688.53657495575
        },
        "distanceFrom": {
          "value": 1.6303200461251464e-158,
          "weights": {
            "dfContent": -1.8896450685744555,
            "dfImg": -2.326264665835038
          },
          "_sum": -363.3196683501981
        },
        "matchesDateTimeRegex": {
          "value": 0.5,
          "weights": {
            "matchesDateTimeRegex": -4.6844976699373095
          },
          "_sum": 0
        },
        "length": {
          "value": 4.672024849401835e-15,
          "weights": {
            "length": -6.59943676612114
          },
          "bias": -3,
          "_sum": -32.9971838306057
        }
      },
      {
        "output": {
          "value": 0.0002987276512633955,